dist,npc_hp_status,npc_stamina_status,npc_current_action,player_hp_status,player_stamina_status,player_action,new_action
183,OK,OK,HEAVY_ATTACK,OK,TIRED,RUN,FEINT
108,OK,OK,BLOCK,CRITICAL,OK,IDLE,RUN
168,OK,OK,BLOCK,HURT,OK,DODGE,RUN
82,CRITICAL,OK,BLOCK,HURT,OK,DODGE,RUN
169,HURT,OK,IDLE,CRITICAL,TIRED,DODGE,RUN
128,OK,TIRED,BLOCK,OK,OK,RUN,RUN
230,CRITICAL,TIRED,HEAVY_ATTACK,CRITICAL,OK,LIGHT_ATTACK,FEINT
46,HURT,OK,BLOCK,HURT,OK,DODGE,RUN
149,HURT,TIRED,HEAVY_ATTACK,HURT,OK,HEAVY_ATTACK,FEINT
91,OK,OK,HEAVY_ATTACK,HURT,OK,HURT,FEINT
191,OK,OK,BLOCK,CRITICAL,OK,RUN,RUN
225,OK,OK,HEAVY_ATTACK,CRITICAL,TIRED,DODGE,FEINT
149,CRITICAL,OK,BLOCK,HURT,OK,HEAVY_ATTACK,RUN
179,OK,TIRED,HEAVY_ATTACK,OK,TIRED,HURT,FEINT
85,CRITICAL,TIRED,RUN,OK,TIRED,LIGHT_ATTACK,BLOCK
120,OK,OK,IDLE,CRITICAL,OK,DODGE,RUN
132,HURT,TIRED,BLOCK,OK,OK,HURT,RUN
39,CRITICAL,OK,RUN,CRITICAL,OK,HEAVY_ATTACK,DODGE
49,CRITICAL,OK,BLOCK,HURT,OK,HURT,LIGHT_ATTACK
91,OK,OK,BLOCK,OK,TIRED,BLOCK,RUN
51,OK,OK,BLOCK,OK,OK,LIGHT_ATTACK,DODGE
89,HURT,OK,HEAVY_ATTACK,OK,OK,IDLE,FEINT
125,HURT,OK,IDLE,CRITICAL,OK,BLOCK,RUN
162,OK,OK,RUN,CRITICAL,TIRED,RUN,RUN
200,HURT,OK,RUN,OK,OK,HURT,RUN
75,HURT,TIRED,RUN,HURT,OK,DODGE,RUN
122,OK,OK,HEAVY_ATTACK,CRITICAL,OK,HURT,FEINT
64,OK,OK,HEAVY_ATTACK,CRITICAL,TIRED,DODGE,FEINT
101,OK,TIRED,HEAVY_ATTACK,OK,TIRED,BLOCK,FEINT
55,HURT,OK,HEAVY_ATTACK,OK,OK,RUN,HEAVY_ATTACK
101,HURT,OK,BLOCK,OK,OK,RUN,RUN
166,OK,TIRED,IDLE,OK,OK,IDLE,RUN
62,HURT,OK,HEAVY_ATTACK,OK,OK,LIGHT_ATTACK,HEAVY_ATTACK
42,OK,TIRED,IDLE,OK,OK,BLOCK,HEAVY_ATTACK
143,HURT,TIRED,RUN,OK,OK,IDLE,RUN
133,OK,TIRED,RUN,HURT,OK,LIGHT_ATTACK,RUN
120,HURT,OK,RUN,HURT,TIRED,BLOCK,RUN
51,HURT,TIRED,HEAVY_ATTACK,OK,OK,HEAVY_ATTACK,HEAVY_ATTACK
109,HURT,OK,IDLE,OK,OK,RUN,RUN
144,OK,TIRED,BLOCK,OK,OK,BLOCK,RUN
72,CRITICAL,TIRED,HEAVY_ATTACK,OK,OK,HURT,HEAVY_ATTACK
107,HURT,TIRED,IDLE,CRITICAL,OK,HURT,RUN
213,OK,OK,HEAVY_ATTACK,OK,OK,IDLE,FEINT
93,HURT,OK,HEAVY_ATTACK,OK,OK,DODGE,FEINT
66,HURT,TIRED,HEAVY_ATTACK,OK,TIRED,LIGHT_ATTACK,HEAVY_ATTACK
51,HURT,OK,IDLE,OK,OK,HEAVY_ATTACK,DODGE
53,OK,OK,RUN,CRITICAL,OK,RUN,LIGHT_ATTACK
65,HURT,OK,BLOCK,OK,OK,LIGHT_ATTACK,DODGE
108,OK,OK,RUN,HURT,OK,RUN,RUN
72,OK,OK,RUN,HURT,OK,LIGHT_ATTACK,DODGE
103,OK,TIRED,IDLE,OK,OK,DODGE,RUN
173,OK,OK,BLOCK,OK,OK,HURT,RUN
84,HURT,TIRED,BLOCK,OK,TIRED,HURT,RUN
100,OK,TIRED,IDLE,HURT,OK,LIGHT_ATTACK,BLOCK
60,OK,OK,BLOCK,HURT,OK,IDLE,LIGHT_ATTACK
72,OK,OK,BLOCK,HURT,TIRED,LIGHT_ATTACK,DODGE
222,HURT,OK,BLOCK,HURT,TIRED,LIGHT_ATTACK,RUN
80,HURT,OK,BLOCK,OK,TIRED,DODGE,RUN
108,HURT,TIRED,BLOCK,HURT,OK,DODGE,RUN
85,HURT,OK,RUN,HURT,OK,LIGHT_ATTACK,DODGE
54,OK,OK,HEAVY_ATTACK,HURT,OK,LIGHT_ATTACK,HEAVY_ATTACK
111,OK,OK,RUN,HURT,OK,HURT,RUN
53,HURT,OK,HEAVY_ATTACK,HURT,TIRED,HEAVY_ATTACK,HEAVY_ATTACK
56,OK,OK,HEAVY_ATTACK,HURT,OK,BLOCK,HEAVY_ATTACK
78,HURT,OK,RUN,HURT,OK,HURT,RUN
41,HURT,OK,BLOCK,HURT,OK,DODGE,RUN
183,CRITICAL,OK,RUN,HURT,TIRED,LIGHT_ATTACK,RUN
173,OK,OK,RUN,OK,OK,DODGE,RUN
81,HURT,OK,HEAVY_ATTACK,CRITICAL,OK,HURT,FEINT
92,CRITICAL,TIRED,RUN,OK,OK,IDLE,BLOCK
156,HURT,OK,BLOCK,CRITICAL,OK,HEAVY_ATTACK,RUN
216,OK,OK,RUN,OK,OK,IDLE,RUN
156,OK,OK,RUN,HURT,OK,IDLE,RUN
106,HURT,TIRED,RUN,CRITICAL,OK,HEAVY_ATTACK,RUN
96,CRITICAL,OK,BLOCK,CRITICAL,OK,DODGE,RUN
71,OK,TIRED,BLOCK,OK,OK,RUN,BLOCK
145,OK,OK,RUN,OK,TIRED,LIGHT_ATTACK,RUN
112,OK,OK,RUN,HURT,OK,HEAVY_ATTACK,RUN
83,OK,TIRED,HEAVY_ATTACK,CRITICAL,TIRED,BLOCK,FEINT
59,HURT,OK,BLOCK,OK,OK,LIGHT_ATTACK,DODGE
51,CRITICAL,OK,HEAVY_ATTACK,HURT,TIRED,DODGE,FEINT
89,OK,OK,HEAVY_ATTACK,OK,OK,BLOCK,FEINT
54,OK,OK,HEAVY_ATTACK,OK,OK,BLOCK,HEAVY_ATTACK
39,HURT,OK,IDLE,CRITICAL,TIRED,BLOCK,HEAVY_ATTACK
172,OK,OK,IDLE,OK,TIRED,BLOCK,RUN
136,OK,OK,IDLE,HURT,OK,LIGHT_ATTACK,RUN
185,CRITICAL,OK,HEAVY_ATTACK,HURT,OK,HEAVY_ATTACK,FEINT
205,HURT,TIRED,RUN,OK,OK,BLOCK,RUN
22,HURT,OK,RUN,CRITICAL,OK,RUN,LIGHT_ATTACK
55,HURT,OK,RUN,HURT,TIRED,DODGE,RUN
197,HURT,TIRED,HEAVY_ATTACK,HURT,OK,DODGE,FEINT
160,OK,TIRED,BLOCK,OK,OK,LIGHT_ATTACK,RUN
142,HURT,TIRED,RUN,OK,TIRED,DODGE,RUN
55,CRITICAL,TIRED,HEAVY_ATTACK,OK,TIRED,DODGE,FEINT
25,CRITICAL,OK,RUN,OK,TIRED,HEAVY_ATTACK,DODGE
159,OK,OK,IDLE,OK,OK,HURT,RUN
136,CRITICAL,OK,HEAVY_ATTACK,OK,OK,DODGE,FEINT
58,OK,OK,BLOCK,OK,TIRED,DODGE,RUN
191,OK,OK,HEAVY_ATTACK,OK,OK,LIGHT_ATTACK,FEINT
46,OK,TIRED,HEAVY_ATTACK,OK,OK,LIGHT_ATTACK,HEAVY_ATTACK
48,CRITICAL,OK,RUN,HURT,OK,RUN,HEAVY_ATTACK
84,OK,TIRED,RUN,OK,TIRED,LIGHT_ATTACK,BLOCK
211,OK,OK,IDLE,OK,TIRED,LIGHT_ATTACK,RUN
114,OK,TIRED,IDLE,OK,TIRED,BLOCK,RUN
104,OK,TIRED,IDLE,OK,OK,LIGHT_ATTACK,RUN
194,OK,OK,BLOCK,OK,TIRED,HEAVY_ATTACK,RUN
60,HURT,OK,IDLE,HURT,OK,BLOCK,HEAVY_ATTACK
168,HURT,TIRED,BLOCK,OK,TIRED,HURT,RUN
59,CRITICAL,OK,BLOCK,CRITICAL,TIRED,HEAVY_ATTACK,DODGE
126,OK,OK,IDLE,HURT,OK,HURT,RUN
193,CRITICAL,OK,RUN,CRITICAL,TIRED,HEAVY_ATTACK,RUN
46,HURT,OK,BLOCK,HURT,TIRED,HEAVY_ATTACK,DODGE
33,OK,OK,RUN,OK,OK,DODGE,RUN
110,CRITICAL,OK,IDLE,HURT,TIRED,RUN,RUN
87,CRITICAL,TIRED,HEAVY_ATTACK,OK,OK,RUN,FEINT
147,HURT,OK,RUN,OK,OK,BLOCK,RUN
63,OK,OK,HEAVY_ATTACK,OK,TIRED,RUN,HEAVY_ATTACK
125,CRITICAL,OK,RUN,OK,OK,LIGHT_ATTACK,RUN
210,OK,OK,BLOCK,OK,OK,BLOCK,RUN
125,OK,TIRED,IDLE,OK,OK,DODGE,RUN
80,CRITICAL,TIRED,RUN,HURT,OK,LIGHT_ATTACK,BLOCK
38,HURT,OK,BLOCK,CRITICAL,TIRED,DODGE,RUN
132,OK,OK,IDLE,OK,TIRED,IDLE,RUN
210,HURT,TIRED,RUN,OK,TIRED,HURT,RUN
151,HURT,OK,BLOCK,OK,OK,HURT,RUN
93,HURT,OK,HEAVY_ATTACK,OK,OK,DODGE,FEINT
119,HURT,OK,RUN,OK,TIRED,LIGHT_ATTACK,RUN
79,OK,OK,RUN,HURT,OK,DODGE,RUN
62,OK,OK,BLOCK,CRITICAL,OK,HEAVY_ATTACK,DODGE
63,CRITICAL,OK,BLOCK,HURT,TIRED,HEAVY_ATTACK,DODGE
154,OK,OK,HEAVY_ATTACK,HURT,TIRED,HEAVY_ATTACK,FEINT
48,CRITICAL,TIRED,BLOCK,HURT,TIRED,HEAVY_ATTACK,LIGHT_ATTACK
51,HURT,TIRED,RUN,OK,OK,RUN,BLOCK
118,OK,OK,IDLE,HURT,OK,RUN,RUN
155,HURT,OK,BLOCK,CRITICAL,TIRED,LIGHT_ATTACK,RUN
28,OK,OK,IDLE,CRITICAL,OK,IDLE,HEAVY_ATTACK
117,OK,TIRED,IDLE,HURT,OK,BLOCK,RUN
221,HURT,TIRED,BLOCK,OK,OK,IDLE,RUN
123,HURT,OK,BLOCK,HURT,OK,DODGE,RUN
46,OK,TIRED,RUN,OK,OK,LIGHT_ATTACK,BLOCK
87,HURT,OK,HEAVY_ATTACK,OK,OK,IDLE,FEINT
94,HURT,TIRED,HEAVY_ATTACK,OK,TIRED,BLOCK,FEINT
115,CRITICAL,OK,HEAVY_ATTACK,CRITICAL,TIRED,HEAVY_ATTACK,FEINT
163,HURT,OK,HEAVY_ATTACK,OK,OK,RUN,FEINT
171,CRITICAL,OK,IDLE,CRITICAL,OK,LIGHT_ATTACK,RUN
56,HURT,TIRED,RUN,OK,OK,LIGHT_ATTACK,BLOCK
196,HURT,TIRED,RUN,HURT,TIRED,HEAVY_ATTACK,RUN
142,CRITICAL,OK,RUN,CRITICAL,OK,HEAVY_ATTACK,RUN
118,HURT,OK,IDLE,OK,TIRED,HEAVY_ATTACK,RUN
127,OK,OK,IDLE,HURT,OK,HURT,RUN
147,OK,TIRED,IDLE,OK,OK,BLOCK,RUN
85,OK,OK,RUN,OK,TIRED,DODGE,RUN
79,OK,OK,BLOCK,HURT,OK,HEAVY_ATTACK,DODGE
112,OK,TIRED,IDLE,OK,TIRED,IDLE,RUN
148,HURT,OK,IDLE,CRITICAL,OK,HEAVY_ATTACK,RUN
87,OK,OK,IDLE,OK,TIRED,LIGHT_ATTACK,DODGE
33,HURT,OK,RUN,HURT,TIRED,HEAVY_ATTACK,DODGE
75,CRITICAL,OK,RUN,OK,OK,DODGE,RUN
38,OK,OK,BLOCK,OK,OK,RUN,LIGHT_ATTACK
40,OK,TIRED,RUN,OK,OK,HEAVY_ATTACK,LIGHT_ATTACK
212,HURT,TIRED,IDLE,CRITICAL,OK,IDLE,RUN
79,OK,OK,RUN,OK,OK,IDLE,RUN
82,HURT,OK,RUN,HURT,OK,HEAVY_ATTACK,DODGE
224,OK,OK,BLOCK,OK,OK,DODGE,RUN
50,OK,OK,IDLE,OK,TIRED,IDLE,LIGHT_ATTACK
86,CRITICAL,OK,RUN,OK,OK,HEAVY_ATTACK,DODGE
72,OK,OK,RUN,HURT,OK,LIGHT_ATTACK,DODGE
43,OK,OK,HEAVY_ATTACK,OK,OK,HURT,HEAVY_ATTACK
99,OK,TIRED,HEAVY_ATTACK,OK,TIRED,RUN,FEINT
65,OK,OK,IDLE,CRITICAL,OK,HURT,LIGHT_ATTACK
202,OK,TIRED,IDLE,HURT,TIRED,HEAVY_ATTACK,RUN
56,CRITICAL,OK,BLOCK,OK,OK,DODGE,RUN
160,CRITICAL,OK,RUN,HURT,OK,LIGHT_ATTACK,RUN
123,CRITICAL,OK,IDLE,OK,TIRED,LIGHT_ATTACK,RUN
41,OK,OK,IDLE,OK,OK,BLOCK,HEAVY_ATTACK
98,OK,OK,BLOCK,HURT,OK,HURT,RUN
214,HURT,OK,HEAVY_ATTACK,OK,OK,RUN,FEINT
190,OK,TIRED,IDLE,OK,OK,HURT,RUN
53,HURT,OK,HEAVY_ATTACK,HURT,OK,LIGHT_ATTACK,HEAVY_ATTACK
105,OK,OK,IDLE,OK,OK,DODGE,RUN
84,OK,OK,BLOCK,HURT,OK,HEAVY_ATTACK,DODGE
132,OK,OK,BLOCK,OK,OK,LIGHT_ATTACK,RUN
112,OK,TIRED,BLOCK,HURT,OK,LIGHT_ATTACK,RUN
103,HURT,OK,HEAVY_ATTACK,OK,OK,HEAVY_ATTACK,FEINT
126,HURT,TIRED,IDLE,OK,TIRED,DODGE,RUN
236,OK,OK,RUN,HURT,OK,BLOCK,RUN
36,OK,OK,BLOCK,CRITICAL,OK,DODGE,RUN
163,CRITICAL,OK,BLOCK,HURT,OK,HURT,RUN
86,OK,OK,BLOCK,HURT,OK,HEAVY_ATTACK,DODGE
38,OK,OK,RUN,HURT,TIRED,IDLE,HEAVY_ATTACK
211,HURT,OK,IDLE,OK,TIRED,HEAVY_ATTACK,RUN
168,HURT,OK,BLOCK,OK,OK,RUN,RUN
159,OK,OK,HEAVY_ATTACK,OK,OK,LIGHT_ATTACK,FEINT
192,HURT,OK,RUN,OK,OK,IDLE,RUN
207,CRITICAL,OK,HEAVY_ATTACK,OK,OK,LIGHT_ATTACK,FEINT
128,CRITICAL,OK,HEAVY_ATTACK,OK,TIRED,BLOCK,FEINT
70,HURT,OK,BLOCK,OK,OK,IDLE,RUN
158,HURT,OK,HEAVY_ATTACK,OK,OK,DODGE,FEINT
65,CRITICAL,OK,IDLE,HURT,OK,DODGE,RUN
180,CRITICAL,OK,BLOCK,OK,TIRED,RUN,RUN
46,OK,OK,BLOCK,OK,TIRED,HURT,LIGHT_ATTACK
221,OK,OK,BLOCK,HURT,TIRED,BLOCK,RUN
139,CRITICAL,OK,RUN,CRITICAL,OK,LIGHT_ATTACK,RUN
121,CRITICAL,OK,BLOCK,HURT,OK,RUN,RUN
42,OK,OK,RUN,HURT,OK,LIGHT_ATTACK,DODGE
70,OK,OK,HEAVY_ATTACK,OK,OK,LIGHT_ATTACK,HEAVY_ATTACK
132,OK,OK,IDLE,CRITICAL,TIRED,LIGHT_ATTACK,RUN
106,OK,OK,HEAVY_ATTACK,HURT,OK,BLOCK,FEINT
197,HURT,OK,BLOCK,OK,OK,BLOCK,RUN
110,OK,OK,BLOCK,OK,OK,IDLE,RUN
72,OK,OK,IDLE,OK,TIRED,IDLE,RUN
53,OK,OK,BLOCK,CRITICAL,OK,IDLE,LIGHT_ATTACK
71,OK,TIRED,BLOCK,OK,OK,DODGE,RUN
63,OK,TIRED,BLOCK,OK,OK,HEAVY_ATTACK,LIGHT_ATTACK
51,CRITICAL,OK,RUN,OK,OK,HEAVY_ATTACK,DODGE
58,HURT,OK,HEAVY_ATTACK,CRITICAL,TIRED,BLOCK,HEAVY_ATTACK
41,HURT,TIRED,RUN,OK,OK,RUN,BLOCK
59,OK,OK,HEAVY_ATTACK,OK,OK,DODGE,FEINT
95,OK,OK,HEAVY_ATTACK,HURT,OK,IDLE,FEINT
116,OK,OK,RUN,OK,TIRED,DODGE,RUN
76,OK,TIRED,HEAVY_ATTACK,HURT,OK,HURT,FEINT
165,HURT,OK,RUN,OK,OK,LIGHT_ATTACK,RUN
160,HURT,OK,RUN,OK,OK,RUN,RUN
52,OK,TIRED,IDLE,HURT,TIRED,LIGHT_ATTACK,BLOCK
192,HURT,OK,IDLE,OK,TIRED,RUN,RUN
92,OK,OK,IDLE,HURT,TIRED,HURT,RUN
61,CRITICAL,TIRED,RUN,OK,OK,RUN,BLOCK
184,HURT,OK,RUN,OK,OK,HEAVY_ATTACK,RUN
107,CRITICAL,OK,RUN,HURT,OK,DODGE,RUN
149,HURT,OK,HEAVY_ATTACK,HURT,OK,LIGHT_ATTACK,FEINT
187,OK,OK,BLOCK,HURT,OK,LIGHT_ATTACK,RUN
45,OK,TIRED,BLOCK,CRITICAL,OK,DODGE,RUN
215,OK,OK,HEAVY_ATTACK,OK,OK,BLOCK,FEINT
159,OK,OK,RUN,CRITICAL,OK,HURT,RUN
180,OK,OK,RUN,OK,OK,BLOCK,RUN
78,CRITICAL,OK,IDLE,OK,OK,BLOCK,RUN
54,HURT,TIRED,HEAVY_ATTACK,CRITICAL,OK,DODGE,FEINT
157,OK,OK,BLOCK,HURT,OK,HURT,RUN
32,OK,TIRED,RUN,HURT,OK,HEAVY_ATTACK,LIGHT_ATTACK
88,CRITICAL,OK,HEAVY_ATTACK,CRITICAL,OK,BLOCK,FEINT
92,OK,OK,IDLE,OK,TIRED,LIGHT_ATTACK,DODGE
156,OK,TIRED,HEAVY_ATTACK,HURT,OK,HEAVY_ATTACK,FEINT
151,CRITICAL,OK,IDLE,HURT,TIRED,IDLE,RUN
133,HURT,OK,HEAVY_ATTACK,CRITICAL,OK,BLOCK,FEINT
75,HURT,OK,HEAVY_ATTACK,OK,OK,HURT,HEAVY_ATTACK
98,OK,TIRED,RUN,HURT,TIRED,HEAVY_ATTACK,IDLE
83,OK,OK,BLOCK,OK,OK,RUN,RUN
51,OK,OK,RUN,CRITICAL,OK,RUN,LIGHT_ATTACK
73,OK,OK,RUN,HURT,OK,HEAVY_ATTACK,DODGE
119,HURT,OK,IDLE,OK,OK,LIGHT_ATTACK,RUN
127,HURT,OK,HEAVY_ATTACK,OK,OK,LIGHT_ATTACK,FEINT
59,OK,OK,RUN,CRITICAL,TIRED,LIGHT_ATTACK,DODGE
64,CRITICAL,OK,RUN,CRITICAL,OK,RUN,LIGHT_ATTACK
116,OK,TIRED,BLOCK,HURT,OK,IDLE,RUN
27,HURT,TIRED,BLOCK,HURT,OK,LIGHT_ATTACK,BLOCK
37,HURT,TIRED,HEAVY_ATTACK,CRITICAL,OK,HEAVY_ATTACK,HEAVY_ATTACK
118,OK,OK,BLOCK,OK,OK,DODGE,RUN
57,HURT,OK,IDLE,OK,TIRED,RUN,LIGHT_ATTACK
198,OK,TIRED,IDLE,HURT,TIRED,LIGHT_ATTACK,RUN
131,OK,TIRED,IDLE,OK,OK,HEAVY_ATTACK,RUN
173,HURT,OK,BLOCK,OK,OK,HURT,RUN
59,OK,TIRED,BLOCK,HURT,OK,HURT,RUN
131,OK,OK,RUN,HURT,OK,LIGHT_ATTACK,RUN
58,OK,OK,IDLE,OK,OK,BLOCK,HEAVY_ATTACK
44,HURT,TIRED,RUN,CRITICAL,OK,DODGE,RUN
168,OK,OK,RUN,HURT,OK,LIGHT_ATTACK,RUN
132,HURT,OK,BLOCK,CRITICAL,OK,RUN,RUN
145,HURT,TIRED,HEAVY_ATTACK,OK,OK,LIGHT_ATTACK,FEINT
91,OK,OK,RUN,OK,TIRED,LIGHT_ATTACK,DODGE
102,HURT,OK,HEAVY_ATTACK,OK,TIRED,DODGE,FEINT
86,OK,OK,BLOCK,OK,OK,LIGHT_ATTACK,DODGE
160,OK,OK,HEAVY_ATTACK,HURT,OK,RUN,FEINT
194,HURT,TIRED,RUN,OK,OK,IDLE,RUN
171,OK,OK,HEAVY_ATTACK,OK,TIRED,LIGHT_ATTACK,FEINT
95,HURT,OK,BLOCK,CRITICAL,OK,HEAVY_ATTACK,DODGE
92,CRITICAL,OK,BLOCK,CRITICAL,OK,RUN,RUN
120,HURT,OK,HEAVY_ATTACK,OK,OK,IDLE,FEINT
201,HURT,OK,BLOCK,OK,TIRED,BLOCK,RUN
53,HURT,TIRED,RUN,OK,OK,RUN,BLOCK
108,OK,OK,IDLE,OK,OK,HURT,RUN
63,OK,OK,RUN,OK,TIRED,BLOCK,HEAVY_ATTACK
73,HURT,TIRED,HEAVY_ATTACK,HURT,OK,BLOCK,HEAVY_ATTACK
104,OK,OK,HEAVY_ATTACK,CRITICAL,TIRED,RUN,FEINT
81,OK,OK,HEAVY_ATTACK,HURT,OK,BLOCK,FEINT
62,HURT,TIRED,HEAVY_ATTACK,OK,OK,IDLE,HEAVY_ATTACK
182,OK,TIRED,HEAVY_ATTACK,HURT,OK,BLOCK,FEINT
147,HURT,OK,IDLE,HURT,OK,LIGHT_ATTACK,RUN
33,CRITICAL,OK,HEAVY_ATTACK,HURT,OK,HEAVY_ATTACK,HEAVY_ATTACK
89,CRITICAL,OK,IDLE,OK,TIRED,RUN,RUN
46,HURT,OK,HEAVY_ATTACK,HURT,OK,RUN,HEAVY_ATTACK
129,HURT,OK,BLOCK,OK,OK,BLOCK,RUN
52,HURT,OK,RUN,HURT,TIRED,LIGHT_ATTACK,DODGE
54,CRITICAL,OK,IDLE,CRITICAL,OK,BLOCK,HEAVY_ATTACK
52,HURT,OK,IDLE,OK,TIRED,IDLE,LIGHT_ATTACK
140,OK,TIRED,HEAVY_ATTACK,CRITICAL,TIRED,LIGHT_ATTACK,FEINT
128,CRITICAL,OK,BLOCK,OK,OK,IDLE,RUN
59,CRITICAL,OK,RUN,OK,TIRED,HEAVY_ATTACK,DODGE
119,OK,OK,IDLE,CRITICAL,TIRED,HURT,RUN
197,OK,OK,HEAVY_ATTACK,OK,OK,IDLE,FEINT
123,CRITICAL,TIRED,IDLE,HURT,TIRED,BLOCK,RUN
34,CRITICAL,TIRED,HEAVY_ATTACK,OK,TIRED,HURT,HEAVY_ATTACK
50,OK,OK,IDLE,CRITICAL,OK,IDLE,LIGHT_ATTACK
92,OK,OK,RUN,HURT,OK,IDLE,RUN
189,OK,OK,IDLE,HURT,OK,DODGE,RUN
97,HURT,OK,IDLE,OK,TIRED,BLOCK,RUN
60,OK,TIRED,IDLE,OK,OK,LIGHT_ATTACK,BLOCK
183,HURT,OK,BLOCK,HURT,TIRED,HEAVY_ATTACK,RUN
122,CRITICAL,OK,IDLE,CRITICAL,OK,DODGE,RUN
85,HURT,OK,RUN,CRITICAL,OK,HEAVY_ATTACK,DODGE
100,HURT,OK,BLOCK,CRITICAL,OK,HEAVY_ATTACK,DODGE
60,OK,TIRED,BLOCK,OK,OK,LIGHT_ATTACK,BLOCK
91,OK,TIRED,HEAVY_ATTACK,OK,OK,IDLE,FEINT
117,HURT,TIRED,IDLE,OK,TIRED,RUN,RUN
99,OK,OK,IDLE,CRITICAL,OK,DODGE,RUN
107,OK,OK,IDLE,HURT,TIRED,RUN,RUN
102,OK,TIRED,RUN,OK,OK,HEAVY_ATTACK,RUN
195,OK,OK,HEAVY_ATTACK,HURT,TIRED,IDLE,FEINT
75,OK,OK,BLOCK,OK,TIRED,IDLE,RUN
92,OK,OK,IDLE,OK,OK,DODGE,RUN
132,OK,OK,IDLE,OK,OK,LIGHT_ATTACK,RUN
68,HURT,TIRED,BLOCK,HURT,OK,RUN,BLOCK
89,OK,TIRED,HEAVY_ATTACK,HURT,TIRED,RUN,FEINT
221,OK,OK,RUN,OK,OK,BLOCK,RUN
49,OK,OK,IDLE,HURT,OK,RUN,LIGHT_ATTACK
142,OK,OK,BLOCK,OK,TIRED,HEAVY_ATTACK,RUN
228,OK,TIRED,BLOCK,CRITICAL,OK,RUN,RUN
43,CRITICAL,OK,BLOCK,CRITICAL,TIRED,HEAVY_ATTACK,DODGE
131,OK,OK,BLOCK,OK,OK,BLOCK,RUN
94,OK,OK,BLOCK,OK,OK,LIGHT_ATTACK,DODGE
174,OK,OK,RUN,CRITICAL,OK,HURT,RUN
145,OK,OK,BLOCK,OK,OK,DODGE,RUN
46,HURT,TIRED,HEAVY_ATTACK,OK,OK,HEAVY_ATTACK,HEAVY_ATTACK
54,OK,OK,IDLE,OK,OK,HURT,LIGHT_ATTACK
172,CRITICAL,OK,BLOCK,HURT,OK,IDLE,RUN
58,CRITICAL,OK,IDLE,OK,OK,HURT,LIGHT_ATTACK
80,HURT,OK,BLOCK,OK,TIRED,IDLE,RUN
173,HURT,OK,RUN,OK,TIRED,BLOCK,RUN
119,OK,OK,BLOCK,HURT,OK,RUN,RUN
99,CRITICAL,TIRED,HEAVY_ATTACK,CRITICAL,OK,HEAVY_ATTACK,FEINT
126,OK,OK,BLOCK,HURT,TIRED,RUN,RUN
174,OK,OK,IDLE,CRITICAL,OK,HURT,RUN
181,HURT,TIRED,HEAVY_ATTACK,HURT,TIRED,HURT,FEINT
112,OK,OK,HEAVY_ATTACK,HURT,OK,HURT,FEINT
147,HURT,TIRED,IDLE,CRITICAL,OK,HEAVY_ATTACK,RUN
124,OK,OK,RUN,OK,OK,RUN,RUN
50,HURT,OK,IDLE,HURT,OK,HEAVY_ATTACK,DODGE
166,OK,TIRED,BLOCK,HURT,OK,HURT,RUN
210,CRITICAL,TIRED,HEAVY_ATTACK,CRITICAL,OK,HEAVY_ATTACK,FEINT
56,HURT,TIRED,RUN,HURT,TIRED,RUN,BLOCK
102,HURT,OK,BLOCK,HURT,OK,RUN,RUN
87,OK,TIRED,RUN,OK,OK,RUN,BLOCK
87,OK,OK,BLOCK,OK,OK,IDLE,RUN
56,HURT,OK,BLOCK,OK,OK,BLOCK,HEAVY_ATTACK
64,OK,TIRED,HEAVY_ATTACK,OK,OK,IDLE,HEAVY_ATTACK
138,HURT,TIRED,BLOCK,CRITICAL,OK,DODGE,RUN
47,OK,TIRED,RUN,HURT,TIRED,IDLE,BLOCK
60,OK,OK,RUN,OK,OK,BLOCK,HEAVY_ATTACK
45,OK,OK,HEAVY_ATTACK,OK,OK,IDLE,HEAVY_ATTACK
124,HURT,OK,BLOCK,OK,OK,LIGHT_ATTACK,RUN
98,OK,OK,HEAVY_ATTACK,OK,OK,BLOCK,FEINT
193,CRITICAL,OK,IDLE,HURT,OK,HEAVY_ATTACK,RUN
154,CRITICAL,OK,HEAVY_ATTACK,HURT,OK,IDLE,FEINT
50,OK,OK,IDLE,OK,OK,DODGE,RUN
122,CRITICAL,OK,RUN,HURT,OK,BLOCK,RUN
62,HURT,OK,BLOCK,HURT,TIRED,HEAVY_ATTACK,DODGE
97,OK,OK,RUN,OK,TIRED,BLOCK,RUN
159,OK,OK,BLOCK,CRITICAL,OK,RUN,RUN
137,OK,OK,IDLE,OK,OK,HEAVY_ATTACK,RUN
129,CRITICAL,TIRED,BLOCK,HURT,OK,IDLE,RUN
53,HURT,TIRED,HEAVY_ATTACK,OK,TIRED,RUN,HEAVY_ATTACK
151,CRITICAL,OK,IDLE,CRITICAL,OK,IDLE,RUN
139,HURT,TIRED,HEAVY_ATTACK,OK,OK,HEAVY_ATTACK,FEINT
65,OK,OK,BLOCK,HURT,TIRED,DODGE,RUN
140,HURT,OK,IDLE,CRITICAL,OK,HURT,RUN
42,OK,OK,HEAVY_ATTACK,HURT,OK,HURT,HEAVY_ATTACK
173,HURT,OK,BLOCK,OK,OK,HURT,RUN
159,HURT,TIRED,IDLE,OK,OK,DODGE,RUN
175,OK,OK,BLOCK,HURT,OK,HURT,RUN
43,OK,OK,RUN,HURT,TIRED,RUN,LIGHT_ATTACK
231,HURT,OK,HEAVY_ATTACK,CRITICAL,OK,BLOCK,FEINT
99,OK,TIRED,BLOCK,OK,OK,RUN,BLOCK
111,OK,OK,IDLE,HURT,TIRED,RUN,RUN
51,OK,OK,HEAVY_ATTACK,OK,OK,HEAVY_ATTACK,HEAVY_ATTACK
174,OK,OK,BLOCK,OK,TIRED,IDLE,RUN
176,OK,OK,RUN,OK,OK,HEAVY_ATTACK,RUN
66,HURT,OK,BLOCK,OK,OK,LIGHT_ATTACK,DODGE
84,HURT,OK,BLOCK,HURT,OK,HURT,RUN
99,OK,TIRED,IDLE,HURT,OK,DODGE,RUN
46,HURT,TIRED,IDLE,OK,OK,DODGE,RUN
99,HURT,OK,HEAVY_ATTACK,OK,OK,LIGHT_ATTACK,FEINT
156,HURT,TIRED,IDLE,HURT,OK,BLOCK,RUN
106,OK,OK,BLOCK,OK,OK,RUN,RUN
62,HURT,OK,HEAVY_ATTACK,OK,OK,HEAVY_ATTACK,HEAVY_ATTACK
151,OK,TIRED,RUN,OK,TIRED,IDLE,RUN
66,OK,OK,HEAVY_ATTACK,HURT,TIRED,LIGHT_ATTACK,HEAVY_ATTACK
36,HURT,TIRED,IDLE,HURT,OK,IDLE,BLOCK
128,OK,OK,BLOCK,HURT,OK,RUN,RUN
75,HURT,OK,BLOCK,CRITICAL,OK,BLOCK,RUN
155,OK,OK,RUN,OK,TIRED,RUN,RUN
94,OK,OK,IDLE,OK,OK,HEAVY_ATTACK,DODGE
63,OK,OK,HEAVY_ATTACK,OK,OK,LIGHT_ATTACK,HEAVY_ATTACK
74,CRITICAL,OK,BLOCK,CRITICAL,OK,HEAVY_ATTACK,DODGE
65,HURT,TIRED,BLOCK,OK,OK,DODGE,RUN
129,CRITICAL,OK,RUN,OK,OK,RUN,RUN
43,HURT,OK,BLOCK,OK,TIRED,RUN,LIGHT_ATTACK
138,CRITICAL,OK,IDLE,HURT,TIRED,BLOCK,RUN
138,HURT,OK,BLOCK,CRITICAL,TIRED,DODGE,RUN
38,OK,OK,IDLE,OK,OK,DODGE,RUN
175,HURT,TIRED,IDLE,OK,OK,HURT,RUN
120,OK,OK,IDLE,OK,OK,LIGHT_ATTACK,RUN
147,OK,OK,IDLE,HURT,OK,DODGE,RUN
51,OK,TIRED,IDLE,HURT,OK,DODGE,RUN
65,HURT,TIRED,BLOCK,OK,OK,HURT,RUN
134,HURT,OK,IDLE,OK,OK,RUN,RUN
112,OK,OK,HEAVY_ATTACK,HURT,TIRED,DODGE,FEINT
144,OK,TIRED,RUN,HURT,OK,DODGE,RUN
134,HURT,OK,RUN,OK,OK,HURT,RUN
117,OK,OK,HEAVY_ATTACK,HURT,OK,BLOCK,FEINT
60,OK,OK,RUN,OK,OK,DODGE,RUN
56,OK,OK,IDLE,OK,OK,DODGE,RUN
228,CRITICAL,OK,IDLE,CRITICAL,OK,DODGE,RUN
67,OK,OK,BLOCK,OK,TIRED,BLOCK,HEAVY_ATTACK
49,HURT,TIRED,BLOCK,CRITICAL,OK,HEAVY_ATTACK,LIGHT_ATTACK
82,CRITICAL,OK,BLOCK,HURT,TIRED,RUN,RUN
42,OK,OK,HEAVY_ATTACK,CRITICAL,OK,HEAVY_ATTACK,HEAVY_ATTACK
214,HURT,OK,RUN,OK,TIRED,IDLE,RUN
42,OK,OK,IDLE,CRITICAL,TIRED,LIGHT_ATTACK,DODGE
134,OK,OK,RUN,OK,OK,BLOCK,RUN
131,HURT,OK,HEAVY_ATTACK,HURT,OK,HURT,FEINT
82,HURT,TIRED,RUN,OK,TIRED,BLOCK,BLOCK
93,OK,TIRED,BLOCK,HURT,TIRED,DODGE,RUN
123,CRITICAL,OK,IDLE,OK,OK,BLOCK,RUN
129,CRITICAL,OK,BLOCK,OK,OK,HURT,RUN
153,OK,OK,HEAVY_ATTACK,OK,OK,DODGE,FEINT
49,CRITICAL,TIRED,BLOCK,CRITICAL,OK,RUN,BLOCK
63,HURT,OK,HEAVY_ATTACK,OK,OK,HURT,HEAVY_ATTACK
58,HURT,OK,HEAVY_ATTACK,CRITICAL,OK,RUN,HEAVY_ATTACK
44,CRITICAL,OK,BLOCK,OK,OK,HURT,LIGHT_ATTACK
51,CRITICAL,OK,BLOCK,HURT,OK,HEAVY_ATTACK,DODGE
58,HURT,OK,RUN,HURT,TIRED,HURT,LIGHT_ATTACK
114,OK,OK,BLOCK,CRITICAL,TIRED,DODGE,RUN
104,OK,OK,RUN,HURT,TIRED,HURT,RUN
72,CRITICAL,TIRED,RUN,OK,OK,RUN,BLOCK
173,CRITICAL,TIRED,IDLE,OK,OK,LIGHT_ATTACK,RUN
195,OK,TIRED,RUN,OK,OK,IDLE,RUN
67,CRITICAL,OK,IDLE,OK,TIRED,RUN,HEAVY_ATTACK
159,CRITICAL,OK,HEAVY_ATTACK,CRITICAL,OK,LIGHT_ATTACK,FEINT
107,OK,OK,BLOCK,CRITICAL,OK,IDLE,RUN
150,OK,OK,RUN,HURT,OK,HURT,RUN
202,OK,OK,BLOCK,OK,TIRED,LIGHT_ATTACK,RUN
80,HURT,OK,BLOCK,HURT,OK,RUN,RUN
68,OK,OK,RUN,HURT,OK,DODGE,RUN
105,HURT,OK,RUN,CRITICAL,OK,HURT,RUN
72,CRITICAL,OK,IDLE,HURT,TIRED,RUN,RUN
128,OK,OK,BLOCK,CRITICAL,OK,HEAVY_ATTACK,RUN
180,OK,OK,BLOCK,HURT,OK,HURT,RUN
89,HURT,OK,IDLE,HURT,TIRED,RUN,RUN
54,OK,TIRED,RUN,OK,OK,LIGHT_ATTACK,BLOCK
182,OK,TIRED,BLOCK,OK,TIRED,IDLE,RUN
97,CRITICAL,OK,IDLE,OK,OK,BLOCK,RUN
26,CRITICAL,OK,RUN,CRITICAL,OK,DODGE,RUN
130,OK,OK,BLOCK,HURT,OK,RUN,RUN
200,OK,OK,RUN,OK,OK,RUN,RUN
57,OK,OK,HEAVY_ATTACK,HURT,TIRED,DODGE,FEINT
141,HURT,OK,RUN,OK,TIRED,HURT,RUN
210,OK,TIRED,RUN,CRITICAL,TIRED,RUN,RUN
36,OK,OK,RUN,OK,OK,LIGHT_ATTACK,DODGE
168,HURT,TIRED,BLOCK,HURT,OK,DODGE,RUN
154,OK,OK,HEAVY_ATTACK,OK,TIRED,RUN,FEINT
55,OK,OK,IDLE,HURT,TIRED,RUN,LIGHT_ATTACK
54,HURT,TIRED,BLOCK,HURT,OK,BLOCK,HEAVY_ATTACK
53,HURT,OK,RUN,HURT,OK,RUN,LIGHT_ATTACK
144,HURT,OK,IDLE,HURT,OK,RUN,RUN
46,OK,OK,HEAVY_ATTACK,OK,OK,HEAVY_ATTACK,HEAVY_ATTACK
64,OK,OK,BLOCK,OK,OK,IDLE,HEAVY_ATTACK
135,HURT,OK,BLOCK,OK,OK,LIGHT_ATTACK,RUN
183,OK,TIRED,IDLE,OK,OK,DODGE,RUN
191,HURT,OK,BLOCK,OK,OK,BLOCK,RUN
32,HURT,OK,BLOCK,HURT,TIRED,LIGHT_ATTACK,DODGE
94,OK,TIRED,IDLE,OK,OK,HEAVY_ATTACK,IDLE
111,CRITICAL,OK,HEAVY_ATTACK,CRITICAL,OK,DODGE,FEINT
138,OK,OK,IDLE,HURT,OK,IDLE,RUN
40,OK,OK,HEAVY_ATTACK,HURT,OK,IDLE,HEAVY_ATTACK
91,CRITICAL,OK,BLOCK,OK,OK,HEAVY_ATTACK,DODGE
86,OK,OK,RUN,HURT,OK,LIGHT_ATTACK,DODGE
133,OK,TIRED,IDLE,HURT,TIRED,LIGHT_ATTACK,RUN
161,HURT,OK,RUN,HURT,OK,RUN,RUN
67,OK,OK,IDLE,OK,OK,HURT,LIGHT_ATTACK
54,OK,OK,HEAVY_ATTACK,OK,OK,IDLE,HEAVY_ATTACK
97,HURT,OK,IDLE,OK,OK,HEAVY_ATTACK,DODGE
135,OK,TIRED,IDLE,HURT,OK,HURT,RUN
45,HURT,OK,RUN,HURT,OK,BLOCK,HEAVY_ATTACK
44,OK,OK,HEAVY_ATTACK,OK,OK,RUN,HEAVY_ATTACK
194,OK,OK,IDLE,CRITICAL,OK,IDLE,RUN
41,CRITICAL,TIRED,RUN,OK,OK,LIGHT_ATTACK,BLOCK
101,OK,OK,IDLE,CRITICAL,OK,HURT,RUN
113,CRITICAL,TIRED,RUN,HURT,OK,RUN,RUN
68,CRITICAL,OK,BLOCK,OK,OK,IDLE,LIGHT_ATTACK
110,HURT,OK,RUN,OK,OK,HEAVY_ATTACK,RUN
163,HURT,OK,BLOCK,HURT,OK,LIGHT_ATTACK,RUN
